{
  "Guid": "E108FC50-18B8-41FC-87F2-32E75FA882B9",
  "Name": "Catpuccin Mocha",
  "Tags": [
    "Dynamic"
  ],
  "Normal Font": "HackNF-Regular 14",
  "Terminal Type": "xterm-256color",
  "Use Bright Bold": true,
  "Use Italic Font": true,
  "Visual Bell": false,
  "Flashing Bell": false,
  "Silence Bell": true,
  "ASCII Anti Aliased": true,
  "Use Bold Font": true,
  "Blinking Cursor": false,
  "Ansi 6 Color": {
    "Red Component": 0.58039215686274515,
    "Color Space": "sRGB",
    "Blue Component": 0.83529411764705885,
    "Alpha Component": 1,
    "Green Component": 0.88627450980392153
  },
  "Ansi 12 Color": {
    "Red Component": 0.53725490196078429,
    "Color Space": "sRGB",
    "Blue Component": 0.98039215686274506,
    "Alpha Component": 1,
    "Green Component": 0.70588235294117652
  },
  "Ansi 7 Color": {
    "Red Component": 0.72941176470588232,
    "Color Space": "sRGB",
    "Blue Component": 0.87058823529411766,
    "Alpha Component": 1,
    "Green Component": 0.76078431372549016
  },
  "Bold Color": {
    "Red Component": 0.80392156862745101,
    "Color Space": "sRGB",
    "Blue Component": 0.95686274509803926,
    "Alpha Component": 1,
    "Green Component": 0.83921568627450982
  },
  "Ansi 8 Color": {
    "Red Component": 0.34509803921568627,
    "Color Space": "sRGB",
    "Blue Component": 0.4392156862745098,
    "Alpha Component": 1,
    "Green Component": 0.35686274509803922
  },
  "Ansi 9 Color": {
    "Red Component": 0.95294117647058818,
    "Color Space": "sRGB",
    "Blue Component": 0.6588235294117647,
    "Alpha Component": 1,
    "Green Component": 0.54509803921568623
  },
  "Cursor Guide Color": {
    "Red Component": 0.80392156862745101,
    "Color Space": "sRGB",
    "Blue Component": 0.95686274509803926,
    "Alpha Component": 0.070000000000000007,
    "Green Component": 0.83921568627450982
  },
  "Ansi 10 Color": {
    "Red Component": 0.65098039215686276,
    "Color Space": "sRGB",
    "Blue Component": 0.63137254901960782,
    "Alpha Component": 1,
    "Green Component": 0.8901960784313725
  },
  "Ansi 15 Color": {
    "Red Component": 0.65098039215686276,
    "Color Space": "sRGB",
    "Blue Component": 0.78431372549019607,
    "Alpha Component": 1,
    "Green Component": 0.67843137254901964
  },
  "Foreground Color": {
    "Red Component": 0.80392156862745101,
    "Color Space": "sRGB",
    "Blue Component": 0.95686274509803926,
    "Alpha Component": 1,
    "Green Component": 0.83921568627450982
  },
  "Selection Color": {
    "Red Component": 0.34509803921568627,
    "Color Space": "sRGB",
    "Blue Component": 0.4392156862745098,
    "Alpha Component": 1,
    "Green Component": 0.35686274509803922
  },
  "Ansi 13 Color": {
    "Red Component": 0.96078431372549022,
    "Color Space": "sRGB",
    "Blue Component": 0.90588235294117647,
    "Alpha Component": 1,
    "Green Component": 0.76078431372549016
  },
  "Selected Text Color": {
    "Red Component": 0.80392156862745101,
    "Color Space": "sRGB",
    "Blue Component": 0.95686274509803926,
    "Alpha Component": 1,
    "Green Component": 0.83921568627450982
  },
  "Background Color": {
    "Red Component": 0.094117647058823528,
    "Color Space": "sRGB",
    "Blue Component": 0.14509803921568629,
    "Alpha Component": 1,
    "Green Component": 0.090196078431372548
  },
  "Ansi 11 Color": {
    "Red Component": 0.97647058823529409,
    "Color Space": "sRGB",
    "Blue Component": 0.68627450980392157,
    "Alpha Component": 1,
    "Green Component": 0.88627450980392153
  },
  "Ansi 14 Color": {
    "Red Component": 0.58039215686274515,
    "Color Space": "sRGB",
    "Blue Component": 0.83529411764705885,
    "Alpha Component": 1,
    "Green Component": 0.88627450980392153
  },
  "Cursor Text Color": {
    "Red Component": 0.11764705882352941,
    "Color Space": "sRGB",
    "Blue Component": 0.1803921568627451,
    "Alpha Component": 1,
    "Green Component": 0.11764705882352941
  },
  "Cursor Color": {
    "Red Component": 0.96078431372549022,
    "Color Space": "sRGB",
    "Blue Component": 0.86274509803921573,
    "Alpha Component": 1,
    "Green Component": 0.8784313725490196
  },
  "Ansi 1 Color": {
    "Red Component": 0.95294117647058818,
    "Color Space": "sRGB",
    "Blue Component": 0.6588235294117647,
    "Alpha Component": 1,
    "Green Component": 0.54509803921568623
  },
  "Ansi 2 Color": {
    "Red Component": 0.65098039215686276,
    "Color Space": "sRGB",
    "Blue Component": 0.63137254901960782,
    "Alpha Component": 1,
    "Green Component": 0.8901960784313725
  },
  "Ansi 4 Color": {
    "Red Component": 0.53725490196078429,
    "Color Space": "sRGB",
    "Blue Component": 0.98039215686274506,
    "Alpha Component": 1,
    "Green Component": 0.70588235294117652
  },
  "Ansi 5 Color": {
    "Red Component": 0.96078431372549022,
    "Color Space": "sRGB",
    "Blue Component": 0.90588235294117647,
    "Alpha Component": 1,
    "Green Component": 0.76078431372549016
  },
  "Ansi 0 Color": {
    "Red Component": 0.27058823529411763,
    "Color Space": "sRGB",
    "Blue Component": 0.35294117647058826,
    "Alpha Component": 1,
    "Green Component": 0.27843137254901962
  },
  "Link Color": {
    "Red Component": 0.53725490196078429,
    "Color Space": "sRGB",
    "Blue Component": 0.92156862745098034,
    "Alpha Component": 1,
    "Green Component": 0.86274509803921573
  },
  "Ansi 3 Color": {
    "Red Component": 0.97647058823529409,
    "Color Space": "sRGB",
    "Blue Component": 0.68627450980392157,
    "Alpha Component": 1,
    "Green Component": 0.88627450980392153
  }
}
